{
    "topo": [
        4857,
        4261,
        2068,
        1358,
        21296,
        22264,
        21584,
        22268,
        21771,
        22570,
        5524,
        5518,
        966,
        6211,
        5708,
        6163,
        5692,
        6375,
        5870,
        2363,
        126,
        2138,
        3148,
        906,
        934,
        3010,
        7550,
        6803,
        7183,
        7165,
        7632,
        7848,
        11204,
        10819,
        11176,
        10839
    ],
    "topo_pos": [
        [
            -9.11999995878432e-06,
            -0.13023552298545837,
            0.004011549986898899
        ],
        [
            0.016829298809170723,
            -0.09246781468391418,
            0.03614870086312294
        ],
        [
            -0.015777239575982094,
            -0.09237227588891983,
            0.034342408180236816
        ],
        [
            0.00014401999942492694,
            -0.10615906119346619,
            0.042996857315301895
        ],
        [
            0.0440627820789814,
            -0.09117314964532852,
            0.03498682752251625
        ],
        [
            -0.04700363054871559,
            -0.09651008248329163,
            0.03594759851694107
        ],
        [
            0.03191407024860382,
            -0.10435882210731506,
            0.04443737864494324
        ],
        [
            -0.03092859871685505,
            -0.10412149876356125,
            0.04421820119023323
        ],
        [
            0.032584600150585175,
            -0.09769357740879059,
            0.029884979128837585
        ],
        [
            -0.03251758962869644,
            -0.09728769212961197,
            0.028966650366783142
        ],
        [
            1.1879998965014238e-05,
            -0.11693352460861206,
            -0.02909943088889122
        ],
        [
            4.523000097833574e-05,
            -0.10982748866081238,
            -0.04349434748291969
        ],
        [
            0.0007329899817705154,
            -0.09913332015275955,
            -0.07196957617998123
        ],
        [
            0.025705629959702492,
            -0.09665064513683319,
            -0.034372519701719284
        ],
        [
            -0.02644834853708744,
            -0.09719458967447281,
            -0.035951998084783554
        ],
        [
            0.013672979548573494,
            -0.11133391410112381,
            -0.02995992824435234
        ],
        [
            -0.015530589036643505,
            -0.11095688492059708,
            -0.0299515500664711
        ],
        [
            0.014741109684109688,
            -0.10642273724079132,
            -0.041397519409656525
        ],
        [
            -0.014554369263350964,
            -0.10666204243898392,
            -0.042171139270067215
        ],
        [
            0.03281467780470848,
            -0.09983424097299576,
            0.056665949523448944
        ],
        [
            -0.03135354816913605,
            -0.10032773017883301,
            0.05758045241236687
        ],
        [
            4.5360000513028353e-05,
            -0.10322117805480957,
            0.06913291662931442
        ],
        [
            0.04314693808555603,
            -0.0938587635755539,
            0.001192940049804747
        ],
        [
            -0.046063296496868134,
            -0.09168703109025955,
            -0.0018700698856264353
        ],
        [
            -0.04693005979061127,
            -0.07508406788110733,
            -0.052939727902412415
        ],
        [
            0.044629860669374466,
            -0.07862402498722076,
            -0.05002716928720474
        ],
        [
            -0.08436693251132965,
            -0.0012832898646593094,
            0.03239476680755615
        ],
        [
            0.08258628845214844,
            -0.005723369773477316,
            0.03397180140018463
        ],
        [
            0.08525630831718445,
            0.009330879896879196,
            0.006652200128883123
        ],
        [
            0.07243658602237701,
            -0.016108030453324318,
            -0.015397119335830212
        ],
        [
            -0.08473869413137436,
            0.011066719889640808,
            0.0031193301547318697
        ],
        [
            -0.07438943535089493,
            -0.01164775900542736,
            -0.019393010064959526
        ],
        [
            0.07415655255317688,
            0.004797999747097492,
            -0.13268312811851501
        ],
        [
            -0.05868803709745407,
            -0.003137919818982482,
            -0.13349571824073792
        ],
        [
            0.036137428134679794,
            -0.0424162819981575,
            -0.16642126441001892
        ],
        [
            -0.02298407070338726,
            -0.04156842082738876,
            -0.16463929414749146
        ]
    ],
    "shp": [
        27459,
        26192,
        49197,
        141,
        29763,
        9898,
        5324,
        11773,
        28980,
        49116,
        91,
        34898,
        37403,
        14961,
        43185,
        15021,
        34718,
        24233,
        7165,
        2152,
        47046,
        27230,
        18251,
        37909,
        37197,
        17400,
        41451,
        21830,
        4319,
        2635,
        40048,
        39573,
        30502,
        51251,
        5617,
        50685
    ],